<?xml version="1.0" encoding="UTF-8"?>
<project-private xmlns="http://www.netbeans.org/ns/project-private/1">
    <editor-bookmarks xmlns="http://www.netbeans.org/ns/editor-bookmarks/2" lastBookmarkId="0"/>
    <open-files xmlns="http://www.netbeans.org/ns/projectui-open-files/2">
        <group>
            <file>file:/Users/Hannah/Desktop/cs130/MyWelcomeWorldDisplay3/src/mywelcomeworlddisplay3/MyWelcomeWorldDisplay3.java</file>
            <file>file:/Users/Hannah/Desktop/cs130/MyWelcomeWorldDisplay3/manifest.mf</file>
        </group>
    </open-files>
</project-private>
